iso3,country,year,ccrs_forecast,ccrs_forecast_hi,ccrs_forecast_lo,is_forecast
AFG,Afghanistan,2026,61.5276,61.7759,61.2794,True
AFG,Afghanistan,2027,61.6932,62.0035,61.3829,True
AFG,Afghanistan,2028,61.7454,62.1177,61.373,True
AGO,Angola,2026,48.008,48.1937,47.8224,True
AGO,Angola,2027,47.925,48.157,47.693,True
AGO,Angola,2028,47.9818,48.2602,47.7034,True
ALB,Albania,2026,29.5006,31.0627,27.9386,True
ALB,Albania,2027,29.415,31.3675,27.4624,True
ALB,Albania,2028,29.5884,31.9314,27.2453,True
AND,Andorra,2026,12.3133,12.3166,12.31,True
AND,Andorra,2027,12.3155,12.3197,12.3113,True
AND,Andorra,2028,12.3065,12.3115,12.3015,True
ARE,United Arab Emirates,2026,18.2761,19.3258,17.2263,True
ARE,United Arab Emirates,2027,18.6468,19.959,17.3346,True
ARE,United Arab Emirates,2028,18.7092,20.2839,17.1346,True
ARG,Argentina,2026,37.8211,38.7568,36.8853,True
ARG,Argentina,2027,37.8919,39.0615,36.7222,True
ARG,Argentina,2028,37.7302,39.1338,36.3266,True
ARM,Armenia,2026,33.1824,34.0513,32.3136,True
ARM,Armenia,2027,32.9,33.986,31.8139,True
ARM,Armenia,2028,32.798,34.1012,31.4947,True
ATG,Antigua and Barbuda,2026,23.0853,23.5694,22.6013,True
ATG,Antigua and Barbuda,2027,23.2338,23.8389,22.6288,True
ATG,Antigua and Barbuda,2028,23.289,24.0151,22.5629,True
AUS,Australia,2026,27.3868,27.4623,27.3113,True
AUS,Australia,2027,27.352,27.4464,27.2576,True
AUS,Australia,2028,27.414,27.5272,27.3007,True
AUT,Austria,2026,20.3329,20.4395,20.2263,True
AUT,Austria,2027,20.3793,20.5125,20.246,True
AUT,Austria,2028,20.3279,20.4877,20.168,True
AZE,Azerbaijan,2026,38.6709,39.4389,37.9028,True
AZE,Azerbaijan,2027,38.6836,39.6437,37.7235,True
AZE,Azerbaijan,2028,38.595,39.7471,37.4429,True
BDI,Burundi,2026,57.5347,57.8155,57.2538,True
BDI,Burundi,2027,57.6922,58.0433,57.3412,True
BDI,Burundi,2028,57.6499,58.0712,57.2286,True
BEL,Belgium,2026,26.9633,27.8044,26.1221,True
BEL,Belgium,2027,27.1658,28.2173,26.1143,True
BEL,Belgium,2028,27.3045,28.5663,26.0427,True
BEN,Benin,2026,38.1363,38.2348,38.0377,True
BEN,Benin,2027,38.0165,38.1397,37.8933,True
BEN,Benin,2028,38.1055,38.2534,37.9577,True
BFA,Burkina Faso,2026,48.7641,49.4521,48.0761,True
BFA,Burkina Faso,2027,48.8221,49.682,47.9621,True
BFA,Burkina Faso,2028,48.9017,49.9337,47.8697,True
BGD,Bangladesh,2026,51.2821,52.392,50.1723,True
BGD,Bangladesh,2027,51.425,52.8123,50.0376,True
BGD,Bangladesh,2028,51.203,52.8678,49.5382,True
BGR,Bulgaria,2026,27.0217,27.6108,26.4325,True
BGR,Bulgaria,2027,26.6204,27.3569,25.8839,True
BGR,Bulgaria,2028,26.4929,27.3767,25.6091,True
BHR,Bahrain,2026,20.7087,21.5632,19.8542,True
BHR,Bahrain,2027,20.7227,21.7908,19.6546,True
BHR,Bahrain,2028,20.7496,22.0313,19.4679,True
BHS,Bahamas,2026,22.9208,24.3993,21.4422,True
BHS,Bahamas,2027,22.5908,24.439,20.7425,True
BHS,Bahamas,2028,22.5962,24.814,20.3783,True
BIH,Bosnia and Herzegovina,2026,32.1536,32.6406,31.6667,True
BIH,Bosnia and Herzegovina,2027,31.9977,32.6064,31.389,True
BIH,Bosnia and Herzegovina,2028,32.0116,32.7421,31.2812,True
BLR,Belarus,2026,30.6594,31.1497,30.1691,True
BLR,Belarus,2027,30.8901,31.503,30.2772,True
BLR,Belarus,2028,31.0028,31.7383,30.2674,True
BLZ,Belize,2026,33.4558,33.5875,33.324,True
BLZ,Belize,2027,33.4539,33.6186,33.2891,True
BLZ,Belize,2028,33.5406,33.7383,33.3429,True
BOL,Plurinational State of Bolivia,2026,39.9597,40.4696,39.4499,True
BOL,Plurinational State of Bolivia,2027,40.0855,40.7227,39.4482,True
BOL,Plurinational State of Bolivia,2028,40.1504,40.9151,39.3856,True
BRA,Brazil,2026,38.3239,38.9758,37.6719,True
BRA,Brazil,2027,38.4659,39.2809,37.6509,True
BRA,Brazil,2028,38.6025,39.5805,37.6245,True
BRB,Barbados,2026,22.5477,22.8268,22.2685,True
BRB,Barbados,2027,22.6061,22.9551,22.2571,True
BRB,Barbados,2028,22.6614,23.0802,22.2426,True
BRN,Brunei Darussalam,2026,16.6214,16.7236,16.5193,True
BRN,Brunei Darussalam,2027,16.4489,16.5766,16.3213,True
BRN,Brunei Darussalam,2028,16.3308,16.484,16.1775,True
BTN,Bhutan,2026,25.4316,25.831,25.0323,True
BTN,Bhutan,2027,25.4696,25.9688,24.9704,True
BTN,Bhutan,2028,25.5278,26.1268,24.9287,True
BWA,Botswana,2026,27.6588,29.4601,25.8574,True
BWA,Botswana,2027,28.0319,30.2835,25.7802,True
BWA,Botswana,2028,28.0143,30.7163,25.3123,True
CAF,Central African Republic,2026,61.2743,61.9732,60.5753,True
CAF,Central African Republic,2027,61.4628,62.3366,60.5891,True
CAF,Central African Republic,2028,61.5576,62.6061,60.5092,True
CAN,Canada,2026,24.7325,24.8029,24.6621,True
CAN,Canada,2027,24.7326,24.8207,24.6446,True
CAN,Canada,2028,24.7373,24.843,24.6317,True
CHE,Switzerland,2026,13.9013,14.0044,13.7981,True
CHE,Switzerland,2027,13.9602,14.0891,13.8312,True
CHE,Switzerland,2028,13.9285,14.0832,13.7738,True
CHL,Chile,2026,28.6191,28.7021,28.5361,True
CHL,Chile,2027,28.5856,28.6894,28.4819,True
CHL,Chile,2028,28.4752,28.5997,28.3507,True
CHN,China,2026,39.8422,39.9983,39.6861,True
CHN,China,2027,39.9271,40.1222,39.732,True
CHN,China,2028,40.0226,40.2567,39.7885,True
CIV,Cote d'Ivoire,2026,34.5202,34.5948,34.4456,True
CIV,Cote d'Ivoire,2027,34.4764,34.5696,34.3831,True
CIV,Cote d'Ivoire,2028,34.5835,34.6955,34.4716,True
CMR,Cameroon,2026,51.878,52.1489,51.6071,True
CMR,Cameroon,2027,51.7834,52.1221,51.4448,True
CMR,Cameroon,2028,51.7675,52.1738,51.3612,True
COD,Democratic Republic of Congo,2026,64.4076,64.7133,64.1018,True
COD,Democratic Republic of Congo,2027,64.4764,64.8586,64.0942,True
COD,Democratic Republic of Congo,2028,64.4951,64.9538,64.0365,True
COG,Republic of Congo,2026,43.8247,43.9086,43.7407,True
COG,Republic of Congo,2027,44.0708,44.1758,43.9659,True
COG,Republic of Congo,2028,44.3957,44.5217,44.2698,True
COL,Colombia,2026,44.725,44.8008,44.6492,True
COL,Colombia,2027,44.848,44.9428,44.7532,True
COL,Colombia,2028,44.9744,45.0882,44.8607,True
COM,Comoros,2026,39.5037,40.2307,38.7767,True
COM,Comoros,2027,39.3767,40.2854,38.468,True
COM,Comoros,2028,39.443,40.5335,38.3525,True
CPV,Cape Verde,2026,27.6388,27.8667,27.4108,True
CPV,Cape Verde,2027,27.6319,27.9168,27.347,True
CPV,Cape Verde,2028,27.6012,27.9431,27.2592,True
CRI,Costa Rica,2026,28.1661,28.4654,27.8668,True
CRI,Costa Rica,2027,28.0245,28.3986,27.6503,True
CRI,Costa Rica,2028,28.0043,28.4533,27.5553,True
CUB,Cuba,2026,34.7804,35.5972,33.9635,True
CUB,Cuba,2027,34.8718,35.8929,33.8507,True
CUB,Cuba,2028,34.8381,36.0634,33.6128,True
CYP,Cyprus,2026,23.7493,24.3059,23.1927,True
CYP,Cyprus,2027,23.8775,24.5733,23.1818,True
CYP,Cyprus,2028,23.8263,24.6612,22.9914,True
CZE,Czech Republic,2026,21.8748,22.0745,21.675,True
CZE,Czech Republic,2027,21.8928,22.1425,21.6431,True
CZE,Czech Republic,2028,21.7311,22.0308,21.4315,True
DEU,Germany,2026,20.9483,21.2387,20.658,True
DEU,Germany,2027,20.916,21.279,20.553,True
DEU,Germany,2028,20.8392,21.2748,20.4037,True
DJI,Djibouti,2026,43.1233,43.1605,43.0862,True
DJI,Djibouti,2027,43.1164,43.1629,43.07,True
DJI,Djibouti,2028,43.1438,43.1995,43.0881,True
DMA,Dominica,2026,25.6519,25.8723,25.4316,True
DMA,Dominica,2027,25.8112,26.0866,25.5357,True
DMA,Dominica,2028,25.7865,26.1171,25.456,True
DNK,Denmark,2026,14.573,14.6997,14.4462,True
DNK,Denmark,2027,14.4622,14.6206,14.3038,True
DNK,Denmark,2028,14.3118,14.5019,14.1217,True
DOM,Dominican Republic,2026,33.3071,33.3184,33.2958,True
DOM,Dominican Republic,2027,33.1683,33.1824,33.1542,True
DOM,Dominican Republic,2028,33.1534,33.1703,33.1365,True
DZA,Algeria,2026,38.0587,38.5683,37.5491,True
DZA,Algeria,2027,37.7559,38.3928,37.1189,True
DZA,Algeria,2028,37.863,38.6273,37.0986,True
ECU,Ecuador,2026,44.4777,44.6833,44.2721,True
ECU,Ecuador,2027,44.6954,44.9524,44.4384,True
ECU,Ecuador,2028,44.859,45.1673,44.5506,True
EGY,Egypt,2026,45.8718,46.0159,45.7277,True
EGY,Egypt,2027,45.8682,46.0484,45.6881,True
EGY,Egypt,2028,45.9052,46.1213,45.689,True
ERI,Eritrea,2026,45.1233,45.4427,44.8038,True
ERI,Eritrea,2027,45.3742,45.7736,44.9749,True
ERI,Eritrea,2028,45.6456,46.1248,45.1664,True
ESP,Spain,2026,25.938,26.4707,25.4054,True
ESP,Spain,2027,26.0119,26.6778,25.3461,True
ESP,Spain,2028,25.9985,26.7975,25.1995,True
EST,Estonia,2026,17.489,17.894,17.0841,True
EST,Estonia,2027,17.3694,17.8756,16.8632,True
EST,Estonia,2028,17.2503,17.8578,16.6429,True
ETH,Ethiopia,2026,60.7495,60.8042,60.6948,True
ETH,Ethiopia,2027,61.2657,61.3341,61.1973,True
ETH,Ethiopia,2028,61.5413,61.6233,61.4592,True
FIN,Finland,2026,14.4795,15.0457,13.9133,True
FIN,Finland,2027,14.357,15.0648,13.6493,True
FIN,Finland,2028,14.2025,15.0518,13.3532,True
FJI,Fiji,2026,34.4748,35.4491,33.5006,True
FJI,Fiji,2027,34.5907,35.8084,33.3729,True
FJI,Fiji,2028,34.6369,36.0982,33.1756,True
FRA,France,2026,27.6097,27.9498,27.2696,True
FRA,France,2027,27.4288,27.854,27.0037,True
FRA,France,2028,27.321,27.8312,26.8108,True
FSM,Federated States of Micronesia,2026,35.5407,36.5913,34.49,True
FSM,Federated States of Micronesia,2027,35.6118,36.9251,34.2985,True
FSM,Federated States of Micronesia,2028,35.7091,37.285,34.1331,True
GAB,Gabon,2026,37.3224,37.5035,37.1413,True
GAB,Gabon,2027,37.089,37.3154,36.8627,True
GAB,Gabon,2028,36.8557,37.1274,36.5841,True
GBR,United Kingdom of Great Britain and Northern Ireland,2026,24.0147,24.3964,23.6331,True
GBR,United Kingdom of Great Britain and Northern Ireland,2027,23.9894,24.4664,23.5124,True
GBR,United Kingdom of Great Britain and Northern Ireland,2028,23.9571,24.5295,23.3847,True
GEO,Georgia,2026,30.0732,30.3215,29.8248,True
GEO,Georgia,2027,29.8648,30.1753,29.5544,True
GEO,Georgia,2028,29.7547,30.1272,29.3821,True
GHA,Ghana,2026,35.7293,36.0042,35.4543,True
GHA,Ghana,2027,35.8569,36.2007,35.5132,True
GHA,Ghana,2028,35.9145,36.327,35.502,True
GIN,Guinea,2026,45.806,46.3345,45.2774,True
GIN,Guinea,2027,45.8504,46.5111,45.1897,True
GIN,Guinea,2028,45.8586,46.6515,45.0658,True
GMB,Gambia,2026,39.7632,39.9512,39.5752,True
GMB,Gambia,2027,39.7771,40.0121,39.5421,True
GMB,Gambia,2028,39.8123,40.0943,39.5303,True
GNB,Guinea-Bissau,2026,42.1971,42.2331,42.161,True
GNB,Guinea-Bissau,2027,42.131,42.1761,42.086,True
GNB,Guinea-Bissau,2028,42.2131,42.2672,42.159,True
GNQ,Equatorial Guinea,2026,40.3557,41.0138,39.6977,True
GNQ,Equatorial Guinea,2027,40.5713,41.3939,39.7487,True
GNQ,Equatorial Guinea,2028,40.6834,41.6705,39.6963,True
GRC,Greece,2026,28.9147,28.9243,28.9052,True
GRC,Greece,2027,28.9481,28.96,28.9362,True
GRC,Greece,2028,28.9546,28.9689,28.9403,True
GRD,Grenada,2026,26.2978,27.345,25.2507,True
GRD,Grenada,2027,26.247,27.556,24.9381,True
GRD,Grenada,2028,26.2114,27.7821,24.6406,True
GTM,Guatemala,2026,41.8594,41.901,41.8178,True
GTM,Guatemala,2027,41.5799,41.632,41.5279,True
GTM,Guatemala,2028,41.3568,41.4192,41.2944,True
GUY,Guyana,2026,35.1341,35.2135,35.0547,True
GUY,Guyana,2027,35.2342,35.3335,35.1349,True
GUY,Guyana,2028,35.3295,35.4487,35.2104,True
HND,Honduras,2026,45.434,45.518,45.35,True
HND,Honduras,2027,45.5627,45.6676,45.4577,True
HND,Honduras,2028,45.6002,45.7261,45.4742,True
HRV,Croatia,2026,27.7923,27.9667,27.618,True
HRV,Croatia,2027,27.7926,28.0105,27.5746,True
HRV,Croatia,2028,27.8449,28.1065,27.5834,True
HTI,Haiti,2026,48.1938,48.2458,48.1418,True
HTI,Haiti,2027,48.2153,48.2803,48.1503,True
HTI,Haiti,2028,48.2557,48.3337,48.1777,True
HUN,Hungary,2026,23.9901,26.3558,21.6245,True
HUN,Hungary,2027,23.7259,26.6829,20.7689,True
HUN,Hungary,2028,23.7847,27.3331,20.2363,True
IDN,Indonesia,2026,46.1736,46.1772,46.1701,True
IDN,Indonesia,2027,46.2083,46.2127,46.2038,True
IDN,Indonesia,2028,46.4868,46.4921,46.4815,True
IND,India,2026,50.9809,51.3895,50.5723,True
IND,India,2027,50.9826,51.4933,50.4718,True
IND,India,2028,50.9934,51.6063,50.3804,True
IRL,Ireland,2026,18.6537,19.1396,18.1678,True
IRL,Ireland,2027,18.5032,19.1106,17.8958,True
IRL,Ireland,2028,18.373,19.1018,17.6442,True
IRN,Iran (Islamic Republic of),2026,47.1871,48.279,46.0953,True
IRN,Iran (Islamic Republic of),2027,47.0931,48.4579,45.7283,True
IRN,Iran (Islamic Republic of),2028,47.0966,48.7343,45.4588,True
IRQ,Iraq,2026,49.0642,49.232,48.8964,True
IRQ,Iraq,2027,49.1456,49.3553,48.9358,True
IRQ,Iraq,2028,49.2485,49.5002,48.9968,True
ISL,Iceland,2026,18.9617,18.9942,18.9292,True
ISL,Iceland,2027,18.9802,19.0208,18.9396,True
ISL,Iceland,2028,18.8667,18.9154,18.818,True
ISR,Israel,2026,26.0408,26.1512,25.9305,True
ISR,Israel,2027,26.0846,26.2225,25.9467,True
ISR,Israel,2028,26.0836,26.2491,25.9181,True
ITA,Italy,2026,27.2295,28.0092,26.4498,True
ITA,Italy,2027,27.0403,28.0149,26.0657,True
ITA,Italy,2028,26.8978,28.0673,25.7283,True
JAM,Jamaica,2026,32.4362,34.5221,30.3504,True
JAM,Jamaica,2027,32.7798,35.3871,30.1724,True
JAM,Jamaica,2028,32.6255,35.7543,29.4967,True
JOR,Jordan,2026,29.1449,29.4177,28.872,True
JOR,Jordan,2027,29.0886,29.4296,28.7475,True
JOR,Jordan,2028,29.1954,29.6047,28.7862,True
JPN,Japan,2026,28.9027,29.0131,28.7923,True
JPN,Japan,2027,29.0304,29.1684,28.8923,True
JPN,Japan,2028,29.1836,29.3492,29.018,True
KAZ,Kazakhstan,2026,33.1763,33.6191,32.7335,True
KAZ,Kazakhstan,2027,33.1722,33.7257,32.6187,True
KAZ,Kazakhstan,2028,33.0848,33.749,32.4205,True
KEN,Kenya,2026,47.1689,47.172,47.1658,True
KEN,Kenya,2027,47.1716,47.1755,47.1678,True
KEN,Kenya,2028,47.3007,47.3053,47.296,True
KGZ,Kyrgyzstan,2026,42.8023,43.3333,42.2713,True
KGZ,Kyrgyzstan,2027,42.9249,43.5887,42.2611,True
KGZ,Kyrgyzstan,2028,43.0755,43.8721,42.279,True
KHM,Cambodia,2026,39.4429,39.9113,38.9745,True
KHM,Cambodia,2027,39.1886,39.774,38.6031,True
KHM,Cambodia,2028,39.1935,39.8961,38.491,True
KIR,Kiribati,2026,33.8037,34.0598,33.5475,True
KIR,Kiribati,2027,33.7871,34.1072,33.4669,True
KIR,Kiribati,2028,33.7434,34.1276,33.3592,True
KNA,Saint Kitts and Nevis,2026,21.197,21.2815,21.1124,True
KNA,Saint Kitts and Nevis,2027,21.2654,21.3711,21.1596,True
KNA,Saint Kitts and Nevis,2028,21.2946,21.4214,21.1677,True
KOR,Republic of Korea,2026,25.5716,25.7873,25.356,True
KOR,Republic of Korea,2027,25.3896,25.6592,25.12,True
KOR,Republic of Korea,2028,25.37,25.6935,25.0465,True
KWT,Kuwait,2026,22.8426,23.0842,22.601,True
KWT,Kuwait,2027,22.8161,23.118,22.5141,True
KWT,Kuwait,2028,22.8629,23.2253,22.5006,True
LAO,Lao People's Democratic Republic,2026,39.5531,39.7873,39.3189,True
LAO,Lao People's Democratic Republic,2027,39.9165,40.2092,39.6238,True
LAO,Lao People's Democratic Republic,2028,40.1642,40.5155,39.8129,True
LBN,Lebanon,2026,46.2582,46.8651,45.6513,True
LBN,Lebanon,2027,45.9641,46.7227,45.2054,True
LBN,Lebanon,2028,45.7218,46.6321,44.8114,True
LBR,Liberia,2026,46.8508,48.3058,45.3957,True
LBR,Liberia,2027,47.0939,48.9127,45.2751,True
LBR,Liberia,2028,47.0633,49.2458,44.8807,True
LBY,Libyan Arab Jamahiriya,2026,50.0141,50.107,49.9211,True
LBY,Libyan Arab Jamahiriya,2027,49.8809,49.9971,49.7647,True
LBY,Libyan Arab Jamahiriya,2028,49.7132,49.8527,49.5738,True
LCA,Saint Lucia,2026,26.0044,26.5249,25.484,True
LCA,Saint Lucia,2027,25.8595,26.5101,25.2089,True
LCA,Saint Lucia,2028,25.8314,26.6121,25.0507,True
LIE,Liechtenstein,2026,15.2414,15.4527,15.0302,True
LIE,Liechtenstein,2027,15.0634,15.3275,14.7993,True
LIE,Liechtenstein,2028,14.8644,15.1813,14.5475,True
LKA,Sri Lanka,2026,34.2177,34.2861,34.1494,True
LKA,Sri Lanka,2027,34.3125,34.3979,34.227,True
LKA,Sri Lanka,2028,34.4207,34.5232,34.3181,True
LSO,Lesotho,2026,38.0807,38.3493,37.8121,True
LSO,Lesotho,2027,38.1993,38.5351,37.8636,True
LSO,Lesotho,2028,38.2791,38.682,37.8763,True
LTU,Lithuania,2026,21.9137,23.1455,20.6819,True
LTU,Lithuania,2027,21.5322,23.072,19.9924,True
LTU,Lithuania,2028,21.2698,23.1176,19.4221,True
LUX,Luxembourg,2026,14.0396,14.5658,13.5133,True
LUX,Luxembourg,2027,13.6049,14.2627,12.9472,True
LUX,Luxembourg,2028,13.3775,14.1669,12.5882,True
LVA,Latvia,2026,25.3955,26.4028,24.3883,True
LVA,Latvia,2027,25.1201,26.3792,23.8611,True
LVA,Latvia,2028,24.9067,26.4176,23.3959,True
MAR,Morocco,2026,35.0832,35.7283,34.4382,True
MAR,Morocco,2027,34.9965,35.8028,34.1903,True
MAR,Morocco,2028,34.8982,35.8657,33.9307,True
MCO,Monaco,2026,12.925,13.2736,12.5765,True
MCO,Monaco,2027,12.9719,13.4076,12.5362,True
MCO,Monaco,2028,13.0828,13.6057,12.5599,True
MDA,Republic of Moldova,2026,30.1726,30.8773,29.4679,True
MDA,Republic of Moldova,2027,30.0584,30.9392,29.1775,True
MDA,Republic of Moldova,2028,30.0318,31.0888,28.9747,True
MDG,Madagascar,2026,53.0885,53.2488,52.9281,True
MDG,Madagascar,2027,53.0998,53.3002,52.8993,True
MDG,Madagascar,2028,53.1321,53.3727,52.8916,True
MDV,Maldives,2026,26.3043,26.4679,26.1407,True
MDV,Maldives,2027,26.3411,26.5456,26.1366,True
MDV,Maldives,2028,26.3848,26.6302,26.1394,True
MEX,Mexico,2026,43.9899,44.2494,43.7303,True
MEX,Mexico,2027,44.1115,44.4359,43.7871,True
MEX,Mexico,2028,44.1928,44.5821,43.8035,True
MHL,Marshall Islands,2026,33.91,35.062,32.7579,True
MHL,Marshall Islands,2027,33.84,35.2801,32.3999,True
MHL,Marshall Islands,2028,33.6426,35.3707,31.9145,True
MKD,North Macedonia,2026,27.8724,27.8852,27.8597,True
MKD,North Macedonia,2027,27.942,27.9579,27.9261,True
MKD,North Macedonia,2028,28.0119,28.031,27.9928,True
MLI,Mali,2026,52.2182,53.1946,51.2419,True
MLI,Mali,2027,52.4459,53.6663,51.2255,True
MLI,Mali,2028,52.6276,54.0921,51.1631,True
MLT,Malta,2026,19.5915,19.7976,19.3854,True
MLT,Malta,2027,19.7028,19.9605,19.4452,True
MLT,Malta,2028,19.7037,20.0128,19.3945,True
MMR,Myanmar,2026,58.6929,58.832,58.5538,True
MMR,Myanmar,2027,58.8339,59.0078,58.66,True
MMR,Myanmar,2028,58.9758,59.1844,58.7671,True
MNE,Montenegro,2026,23.2511,23.4115,23.0908,True
MNE,Montenegro,2027,22.8589,23.0593,22.6584,True
MNE,Montenegro,2028,22.813,23.0535,22.5725,True
MNG,Mongolia,2026,33.4458,33.4689,33.4227,True
MNG,Mongolia,2027,33.4769,33.5058,33.4481,True
MNG,Mongolia,2028,33.4982,33.5329,33.4636,True
MOZ,Mozambique,2026,58.1209,58.4946,57.7473,True
MOZ,Mozambique,2027,58.1083,58.5754,57.6413,True
MOZ,Mozambique,2028,58.2118,58.7723,57.6514,True
MRT,Mauritania,2026,41.3159,41.5464,41.0855,True
MRT,Mauritania,2027,41.3839,41.6719,41.0959,True
MRT,Mauritania,2028,41.4247,41.7704,41.079,True
MUS,Mauritius,2026,25.9878,26.6395,25.3361,True
MUS,Mauritius,2027,26.0866,26.9013,25.272,True
MUS,Mauritius,2028,26.1505,27.128,25.1729,True
MWI,Malawi,2026,46.167,46.1834,46.1505,True
MWI,Malawi,2027,46.2081,46.2286,46.1875,True
MWI,Malawi,2028,46.2832,46.3078,46.2585,True
MYS,Malaysia,2026,31.621,31.9806,31.2613,True
MYS,Malaysia,2027,31.7163,32.1659,31.2667,True
MYS,Malaysia,2028,31.8279,32.3674,31.2885,True
NAM,Namibia,2026,34.0981,34.2253,33.9709,True
NAM,Namibia,2027,34.1483,34.3073,33.9894,True
NAM,Namibia,2028,34.1555,34.3463,33.9647,True
NER,Niger,2026,54.7805,55.7669,53.7941,True
NER,Niger,2027,54.9596,56.1926,53.7266,True
NER,Niger,2028,55.0411,56.5207,53.5615,True
NGA,Nigeria,2026,54.6207,55.0628,54.1785,True
NGA,Nigeria,2027,54.6975,55.2502,54.1447,True
NGA,Nigeria,2028,54.6518,55.315,53.9885,True
NIC,Nicaragua,2026,44.8099,44.8863,44.7336,True
NIC,Nicaragua,2027,44.8596,44.9551,44.7642,True
NIC,Nicaragua,2028,44.905,45.0195,44.7904,True
NLD,Netherlands,2026,21.3722,21.5102,21.2342,True
NLD,Netherlands,2027,21.3706,21.5432,21.1981,True
NLD,Netherlands,2028,21.2981,21.5052,21.0911,True
NOR,Norway,2026,16.7967,16.8694,16.724,True
NOR,Norway,2027,16.8236,16.9145,16.7327,True
NOR,Norway,2028,16.8619,16.9709,16.7528,True
NPL,Nepal,2026,38.9,39.692,38.108,True
NPL,Nepal,2027,39.0139,40.0039,38.024,True
NPL,Nepal,2028,38.999,40.187,37.811,True
NRU,Nauru,2026,30.1726,30.3936,29.9516,True
NRU,Nauru,2027,30.1904,30.4666,29.9142,True
NRU,Nauru,2028,30.1232,30.4546,29.7917,True
NZL,New Zealand,2026,21.4649,21.7375,21.1922,True
NZL,New Zealand,2027,21.3408,21.6817,21.0,True
NZL,New Zealand,2028,21.2626,21.6716,20.8536,True
OMN,Oman,2026,25.4207,25.8725,24.9689,True
OMN,Oman,2027,25.3491,25.9138,24.7844,True
OMN,Oman,2028,25.3644,26.042,24.6867,True
PAK,Pakistan,2026,56.0347,56.0633,56.0062,True
PAK,Pakistan,2027,56.1799,56.2156,56.1442,True
PAK,Pakistan,2028,56.3043,56.3472,56.2615,True
PAN,Panama,2026,34.4653,34.5738,34.3567,True
PAN,Panama,2027,34.5059,34.6416,34.3702,True
PAN,Panama,2028,34.539,34.7018,34.3763,True
PER,Peru,2026,46.2481,46.647,45.8492,True
PER,Peru,2027,46.4712,46.9698,45.9726,True
PER,Peru,2028,46.404,47.0024,45.8057,True
PHL,Philippines,2026,54.7239,54.8728,54.575,True
PHL,Philippines,2027,54.7292,54.9154,54.543,True
PHL,Philippines,2028,54.8121,55.0355,54.5887,True
PLW,Palau,2026,26.6371,27.1143,26.1599,True
PLW,Palau,2027,26.6173,27.2138,26.0208,True
PLW,Palau,2028,26.6342,27.35,25.9184,True
PNG,Papua New Guinea,2026,48.456,49.2612,47.6507,True
PNG,Papua New Guinea,2027,48.5528,49.5593,47.5462,True
PNG,Papua New Guinea,2028,48.6649,49.8728,47.457,True
POL,Poland,2026,27.2706,27.3223,27.2189,True
POL,Poland,2027,27.2318,27.2964,27.1671,True
POL,Poland,2028,27.1351,27.2126,27.0575,True
PRK,Democratic People's Republic of Korea,2026,47.3062,48.83,45.7823,True
PRK,Democratic People's Republic of Korea,2027,46.965,48.8698,45.0601,True
PRK,Democratic People's Republic of Korea,2028,46.9528,49.2386,44.667,True
PRT,Portugal,2026,21.1187,21.9082,20.3292,True
PRT,Portugal,2027,20.9812,21.968,19.9943,True
PRT,Portugal,2028,20.9598,22.1441,19.7756,True
PRY,Paraguay,2026,32.4076,32.9266,31.8885,True
PRY,Paraguay,2027,32.5712,33.22,31.9224,True
PRY,Paraguay,2028,32.824,33.6026,32.0454,True
QAT,Qatar,2026,16.052,16.4576,15.6464,True
QAT,Qatar,2027,15.6444,16.1514,15.1375,True
QAT,Qatar,2028,15.4619,16.0702,14.8535,True
ROU,Romania,2026,28.2884,28.5176,28.0592,True
ROU,Romania,2027,28.3506,28.6371,28.0641,True
ROU,Romania,2028,28.3487,28.6925,28.0049,True
RUS,Russian Federation,2026,43.53,43.9408,43.1192,True
RUS,Russian Federation,2027,43.6242,44.1377,43.1107,True
RUS,Russian Federation,2028,43.689,44.3051,43.0728,True
RWA,Rwanda,2026,40.1378,40.4515,39.8241,True
RWA,Rwanda,2027,40.0566,40.4487,39.6646,True
RWA,Rwanda,2028,40.0741,40.5446,39.6036,True
SAU,Saudi Arabia,2026,29.375,29.4627,29.2874,True
SAU,Saudi Arabia,2027,29.1757,29.2852,29.0662,True
SAU,Saudi Arabia,2028,29.2389,29.3704,29.1075,True
SDN,Sudan,2026,58.1844,58.2874,58.0815,True
SDN,Sudan,2027,58.2929,58.4216,58.1642,True
SDN,Sudan,2028,58.4112,58.5657,58.2568,True
SEN,Senegal,2026,34.3443,34.8037,33.8848,True
SEN,Senegal,2027,34.2627,34.837,33.6884,True
SEN,Senegal,2028,34.1651,34.8543,33.476,True
SGP,Singapore,2026,9.7788,9.8982,9.6594,True
SGP,Singapore,2027,9.7944,9.9437,9.6451,True
SGP,Singapore,2028,9.7788,9.9579,9.5996,True
SLB,Solomon Islands,2026,43.2455,43.2483,43.2428,True
SLB,Solomon Islands,2027,43.2485,43.252,43.2451,True
SLB,Solomon Islands,2028,43.2755,43.2797,43.2714,True
SLE,Sierra Leone,2026,44.6017,44.6428,44.5606,True
SLE,Sierra Leone,2027,44.6655,44.7168,44.6141,True
SLE,Sierra Leone,2028,44.6731,44.7347,44.6114,True
SLV,El Salvador,2026,33.592,34.1075,33.0765,True
SLV,El Salvador,2027,33.4755,34.1199,32.8311,True
SLV,El Salvador,2028,33.5579,34.3311,32.7846,True
SMR,San Marino,2026,15.8224,16.5684,15.0765,True
SMR,San Marino,2027,15.6817,16.6142,14.7493,True
SMR,San Marino,2028,15.6111,16.73,14.4922,True
SOM,Somalia,2026,64.4918,64.6055,64.3781,True
SOM,Somalia,2027,64.501,64.6431,64.3589,True
SOM,Somalia,2028,64.5558,64.7263,64.3853,True
SRB,Serbia,2026,31.3269,31.845,30.8089,True
SRB,Serbia,2027,31.2769,31.9244,30.6293,True
SRB,Serbia,2028,31.2626,32.0397,30.4856,True
SSD,South Sudan,2026,60.9598,61.2653,60.6542,True
SSD,South Sudan,2027,60.8077,61.1896,60.4258,True
SSD,South Sudan,2028,60.9928,61.4511,60.5345,True
STP,Sao Tome and Principe,2026,36.5025,36.5082,36.4967,True
STP,Sao Tome and Principe,2027,36.7177,36.7249,36.7106,True
STP,Sao Tome and Principe,2028,36.9416,36.9502,36.933,True
SUR,Suriname,2026,35.0804,35.4848,34.676,True
SUR,Suriname,2027,35.0746,35.5801,34.5691,True
SUR,Suriname,2028,35.1475,35.7541,34.5409,True
SVK,Slovakia,2026,23.6617,24.3452,22.9782,True
SVK,Slovakia,2027,23.5253,24.3797,22.6709,True
SVK,Slovakia,2028,23.4343,24.4595,22.409,True
SVN,Slovenia,2026,24.198,25.0253,23.3707,True
SVN,Slovenia,2027,23.8061,24.8402,22.7719,True
SVN,Slovenia,2028,23.4728,24.7138,22.2318,True
SWE,Sweden,2026,18.5704,19.1135,18.0272,True
SWE,Sweden,2027,18.4206,19.0995,17.7416,True
SWE,Sweden,2028,18.3556,19.1704,17.5409,True
SWZ,Eswatini,2026,35.4015,35.7913,35.0117,True
SWZ,Eswatini,2027,35.3541,35.8414,34.8668,True
SWZ,Eswatini,2028,35.3437,35.9284,34.7589,True
SYC,Seychelles,2026,19.7546,19.79,19.7191,True
SYC,Seychelles,2027,19.894,19.9383,19.8496,True
SYC,Seychelles,2028,19.9182,19.9714,19.865,True
SYR,Syrian Arab Republic,2026,61.8404,61.9147,61.766,True
SYR,Syrian Arab Republic,2027,61.7697,61.8627,61.6768,True
SYR,Syrian Arab Republic,2028,61.7716,61.8831,61.66,True
TCD,Chad,2026,60.6598,61.5256,59.794,True
TCD,Chad,2027,60.8147,61.8969,59.7324,True
TCD,Chad,2028,60.8499,62.1485,59.5512,True
TGO,Togo,2026,39.795,39.9167,39.6733,True
TGO,Togo,2027,39.8374,39.9896,39.6853,True
TGO,Togo,2028,39.8676,40.0502,39.685,True
THA,Thailand,2026,36.9108,37.0795,36.7422,True
THA,Thailand,2027,36.6604,36.8712,36.4496,True
THA,Thailand,2028,36.4615,36.7145,36.2086,True
TJK,Tajikistan,2026,42.7582,43.1584,42.3579,True
TJK,Tajikistan,2027,42.843,43.3433,42.3427,True
TJK,Tajikistan,2028,43.0709,43.6712,42.4705,True
TKM,Turkmenistan,2026,34.7702,35.9848,33.5556,True
TKM,Turkmenistan,2027,34.8501,36.3683,33.3319,True
TKM,Turkmenistan,2028,34.8413,36.6631,33.0195,True
TLS,Timor-Leste,2026,39.3637,39.6575,39.0699,True
TLS,Timor-Leste,2027,39.149,39.5162,38.7817,True
TLS,Timor-Leste,2028,39.0279,39.4687,38.5872,True
TON,Tonga,2026,32.9113,33.0246,32.798,True
TON,Tonga,2027,33.0009,33.1425,32.8592,True
TON,Tonga,2028,33.065,33.235,32.895,True
TTO,Trinidad and Tobago,2026,28.0814,28.57,27.5929,True
TTO,Trinidad and Tobago,2027,28.2372,28.8479,27.6265,True
TTO,Trinidad and Tobago,2028,28.4181,29.1509,27.6853,True
TUN,Tunisia,2026,32.6584,32.7155,32.6013,True
TUN,Tunisia,2027,32.6424,32.7138,32.5711,True
TUN,Tunisia,2028,32.8895,32.9751,32.8039,True
TUR,Turkey,2026,46.0055,46.0129,45.9981,True
TUR,Turkey,2027,45.6107,45.6199,45.6014,True
TUR,Turkey,2028,45.3982,45.4093,45.3871,True
TUV,Tuvalu,2026,28.9368,29.1645,28.7092,True
TUV,Tuvalu,2027,28.7448,29.0294,28.4603,True
TUV,Tuvalu,2028,28.7327,29.0742,28.3912,True
TZA,United Republic of Tanzania,2026,47.3297,47.3888,47.2706,True
TZA,United Republic of Tanzania,2027,47.426,47.4999,47.3521,True
TZA,United Republic of Tanzania,2028,47.5148,47.6035,47.4262,True
UGA,Uganda,2026,44.3776,44.3975,44.3577,True
UGA,Uganda,2027,44.295,44.3198,44.2701,True
UGA,Uganda,2028,44.2806,44.3105,44.2508,True
UKR,Ukraine,2026,40.6351,40.8224,40.4477,True
UKR,Ukraine,2027,40.4345,40.6687,40.2003,True
UKR,Ukraine,2028,40.5031,40.7841,40.2222,True
URY,Uruguay,2026,23.8938,24.6754,23.1121,True
URY,Uruguay,2027,24.0624,25.0394,23.0853,True
URY,Uruguay,2028,24.0708,25.2433,22.8984,True
USA,United States of America,2026,27.9164,28.0154,27.8175,True
USA,United States of America,2027,27.9044,28.0281,27.7808,True
USA,United States of America,2028,27.9601,28.1086,27.8117,True
UZB,Uzbekistan,2026,36.0674,36.2344,35.9004,True
UZB,Uzbekistan,2027,36.0034,36.2122,35.7946,True
UZB,Uzbekistan,2028,36.0994,36.35,35.8489,True
VCT,Saint Vincent and the Grenadines,2026,26.0775,26.3681,25.7869,True
VCT,Saint Vincent and the Grenadines,2027,26.1376,26.5009,25.7743,True
VCT,Saint Vincent and the Grenadines,2028,26.0734,26.5094,25.6375,True
VEN,Bolivarian Republic of Venezuela,2026,47.9768,48.483,47.4705,True
VEN,Bolivarian Republic of Venezuela,2027,47.831,48.4639,47.1982,True
VEN,Bolivarian Republic of Venezuela,2028,47.8539,48.6133,47.0945,True
VNM,Viet Nam,2026,39.8659,40.8188,38.9131,True
VNM,Viet Nam,2027,40.277,41.4681,39.086,True
VNM,Viet Nam,2028,40.4429,41.8722,39.0137,True
VUT,Vanuatu,2026,39.9122,40.2239,39.6004,True
VUT,Vanuatu,2027,39.818,40.2077,39.4282,True
VUT,Vanuatu,2028,39.7669,40.2346,39.2992,True
WSM,Samoa,2026,28.4326,28.9527,27.9125,True
WSM,Samoa,2027,28.0926,28.7427,27.4424,True
WSM,Samoa,2028,27.9154,28.6956,27.1352,True
YEM,Yemen,2026,63.1001,64.8613,61.339,True
YEM,Yemen,2027,63.1996,65.401,60.9981,True
YEM,Yemen,2028,63.019,65.6607,60.3773,True
ZAF,South Africa,2026,34.0159,34.3281,33.7037,True
ZAF,South Africa,2027,33.9924,34.3827,33.6021,True
ZAF,South Africa,2028,34.0048,34.4732,33.5365,True
ZMB,Zambia,2026,41.4751,41.595,41.3552,True
ZMB,Zambia,2027,41.7141,41.8639,41.5642,True
ZMB,Zambia,2028,41.7835,41.9633,41.6037,True
ZWE,Zimbabwe,2026,42.6509,43.6989,41.6029,True
ZWE,Zimbabwe,2027,42.4805,43.7905,41.1705,True
ZWE,Zimbabwe,2028,42.4527,44.0247,40.8807,True
